-- Insert data into Match_Player table
INSERT INTO Match_Player (Player_Match_ID, Player_ID, Match_ID, Date, Opponent_ID, Result)
VALUES 
    (1, 'Victor Gyokeres', 1, '12-08-2023', 'Vizela', '3:2'), 
    (2, 'Victor Gyokeres', 2, '18-08-2023', 'Casa Pia', '2:1'),
    (3, 'Victor Gyokeres', 3, '27-08-2023', 'Famalicão', '1:0'),
    (4, 'Victor Gyokeres', 4, '03-09-2023', 'Braga', '1:1'),
    (5, 'Victor Gyokeres', 5, '17-09-2023', 'Moreirense', '3:0'),
    (6, 'Victor Gyokeres', 6, '25-09-2023', 'Rio Ave', '2:0'),
    (7, 'Victor Gyokeres', 7, '30-09-2023', 'Farense', '3:2'),
    (8, 'Victor Gyokeres', 8, '08-10-2023', 'Arouca', '2:1'),
    (9, 'Victor Gyokeres', 9, '30-08-2023', 'Boavista', '2:0'),
    (10, 'Victor Gyokeres', 10, '05-11-2023', 'Estrela', '3:2'),
    (11, 'Victor Gyokeres', 11, '12-11-2023', 'Benfica', '1:2'),
    (12, 'Victor Gyokeres', 12, '04-12-2023', 'Gil Vicente', '3:1'),
    (13, 'Victor Gyokeres', 13, '09-12-2023', 'Guimarães', '2:3'),
    (14, 'Victor Gyokeres', 14, '18-12-2023', 'Porto', '2:0'),
    (15, 'Victor Gyokeres', 15, '30-12-2023', 'Portimonense', '2:1'),
    (16, 'Victor Gyokeres', 16, '05-01-2024', 'Estoril', '5:1'),
    (17, 'Victor Gyokeres', 17, '13-01-2024', 'Chaves', '3:0'),
    (18, 'Victor Gyokeres', 18, '18-01-2024', 'Vizela', '5:2'),
    (19, 'Victor Gyokeres', 19, '29-01-2024', 'Casa Pia', '8:0'),
    -- (20, 'Victor Gyokeres', 20, '18-08-2024', 'Casa Pia', '2:1'),
    (21, 'Victor Gyokeres', 21, '11-02-2024', 'Braga', '5:0'),
    (22, 'Victor Gyokeres', 22, '19-02-2024', 'Moreirense', '2:0'),
    (23, 'Victor Gyokeres', 23, '25-02-2024', 'Rio Ave', '3:3'),
    (24, 'Victor Gyokeres', 24, '03-03-2024', 'Farense', '3:2'),
    (25, 'Victor Gyokeres', 25, '10-03-2024', 'Arouca', '3:0'),
    (26, 'Victor Gyokeres', 26, '17-03-2024', 'Boavista', '6:1'),
    (27, 'Victor Gyokeres', 27, '29-03-2024', 'Estrela', '2:1'),
    (28, 'Victor Gyokeres', 28, '06-04-2024', 'Benfica', '2:1');
    -- (29, 'Victor Gyokeres', 29, '18-08-2024', 'Casa Pia', '2:1'),
    -- (30, 'Victor Gyokeres', 30, '18-08-2024', 'Casa Pia', '2:1'),
    -- (31, 'Victor Gyokeres', 31, '18-08-2024', 'Casa Pia', '2:1'),
    -- (32, 'Victor Gyokeres', 32, '18-08-2024', 'Casa Pia', '2:1'),
    -- (33, 'Victor Gyokeres', 33, '18-08-2024', 'Casa Pia', '2:1'),
    -- (34, 'Victor Gyokeres', 34, '18-08-2024', 'Casa Pia', '2:1'));



-- Insert data into Summary table
INSERT INTO Summary (Player_Match_ID, StartsGame, MinutesPlayed)
VALUES 
    (1, true, 90),
    (2, true, 90),
    (3, true, 90),
    (4, true, 90),
    (5, true, 90),
    (6, false, 0),
    (7, true, 90),
    (8, true, 90),
    (9, true, 85),
    (10, true, 90),
    (11, true, 90),
    (12, true, 90),
    (13, true, 90),
    (14, true, 90),
    (15, true, 90),
    (16, true, 90),
    (17, true, 90),
    (18, true, 90),
    (19, true, 90),
    -- (20, true, 90),
    (21, true, 83),
    (22, true, 90),
    (23, true, 90),
    (24, true, 90),
    (25, true, 90),
    (26, true, 90),
    (27, true, 90),
    (28, true, 90);
    -- (29, true, 90),
    -- (30, true, 90),
    -- (31, true, 90),
    -- (32, true, 90),
    -- (33, true, 90),
    -- (34, true, 90);

-- Insert data into Performance table
INSERT INTO Performance (Player_Match_ID, Goals, Assists, PenaltyKicksMade, PenaltyKicksAttempted, ShotsTotal, ShotsOnTarget, YellowCards, RedCards, Touches, Tackles, Interceptions, Blocks)
VALUES 
    (1, 2, 0, 0, 0, 4, 3, 0, 0, 44, 0, 0, 1),
    (2, 0, 0, 0, 0, 5, 0, 0, 0, 54, 0, 0, 2),
    (3, 0, 0, 0, 0, 4, 2, 1, 0, 51, 2, 0, 2),
    (4, 0, 0, 0, 0, 2, 1, 1, 0, 39, 0, 0, 1),
    (5, 1, 1, 0, 0, 4, 2, 0, 0, 47, 2, 0, 0),
    (6, 0, 0, 0, 0, 0, 0, 0, 0, 0, 0, 0, 0),
    (7, 2, 1, 2, 2, 3, 1, 0, 0, 44, 0, 0, 0),
    (8, 1, 0, 0, 0, 2, 1, 0, 0, 44, 1, 0, 0),
    (9, 0, 0, 0, 0, 1, 0, 0, 0, 22, 0, 0, 1),
    (10, 0, 2, 0, 0, 3, 0, 0, 0, 45, 0, 0, 0),
    (11, 1, 0, 0, 0, 1, 1, 0, 0, 43, 1, 0, 1),
    (12, 2, 0, 0, 0, 5, 3, 0, 0, 45, 1, 0, 0),
    (13, 0, 0, 0, 0, 1, 0, 0, 0, 37, 0, 1, 0),
    (14, 1, 1, 0, 0, 1, 1, 0, 0, 35, 1, 0, 1),
    (15, 1, 0, 0, 0, 3, 2, 0, 0, 28, 0, 0, 1),
    (16, 0, 3, 0, 0, 4, 1, 0, 0, 42, 0, 1, 0),
    (17, 0, 0, 0, 0, 4, 2, 1, 0, 38, 0, 0, 0),
    (18, 2, 0, 0, 0, 9, 4, 0, 0, 44, 0, 0, 1),
    (19, 2, 0, 1, 1, 3, 2, 0, 0, 34, 3, 0, 0),
    -- (20, 2, 0, 0, 0, 4, 3, 0, 0, 44, 0, 0, 1),
    (21, 1, 0, 0, 0, 1, 1, 0, 0, 35, 1, 0, 0),
    (22, 0, 0, 0, 0, 2, 0, 0, 0, 44, 1, 1, 1),
    (23, 1, 0, 0, 0, 3, 3, 0, 0, 38, 0, 0, 0),
    (24, 1, 0, 0, 0, 1, 1, 0, 0, 44, 0, 0, 0),
    (25, 1, 1, 0, 0, 4, 3, 0, 0, 34, 0, 1, 1),
    (26, 3, 1, 1, 1, 8, 4, 0, 0, 41, 0, 0, 0),
    (27, 0, 0, 0, 0, 6, 3, 0, 0, 52, 0, 0, 0),
    (28, 0, 0, 0, 0, 2, 1, 0, 0, 29, 0, 0, 1);
    -- (29, 2, 0, 0, 0, 4, 3, 0, 0, 44, 0, 0, 1),
    -- (30, 2, 0, 0, 0, 4, 3, 0, 0, 44, 0, 0, 1),
    -- (31, 2, 0, 0, 0, 4, 3, 0, 0, 44, 0, 0, 1),
    -- (32, 2, 0, 0, 0, 4, 3, 0, 0, 44, 0, 0, 1),
    -- (33, 2, 0, 0, 0, 4, 3, 0, 0, 44, 0, 0, 1),
    -- (34, 2, 0, 0, 0, 4, 3, 0, 0, 44, 0, 0, 1),

-- Insert data into Expected table
INSERT INTO Expected (Player_Match_ID, ExpectedGoals, NonPenaltyExpectedGoals, ExpectedAssistedGoals)
VALUES 
    (1, 0.5, 0.5, 0.3),
    (2, 0.2, 0.2, 0.0),
    (3, 0.3, 0.3, 0.1),
    (4, 0.2, 0.2, 0.0),
    (5, 0.5, 0.5, 0.2),
    (6, 0.0, 0.0, 0.0),
    (7, 1.8, 0.2, 0.3),
    (8, 0.6, 0.6, 0.0),
    (9, 0.1, 0.1, 0.0),
    (10, 0.1, 0.1, 0.3),
    (11, 0.1, 0.1, 0.0),
    (12, 1.0, 1.0, 0.2),
    (13, 0.3, 0.3, 0.0),
    (14, 0.1, 0.1, 0.7),
    (15, 0.8, 0.8, 0.6),
    (16, 0.5, 0.5, 1.6),
    (17, 0.8, 0.8, 0.0),
    (18, 1.4, 1.4, 0.0),
    (19, 1.5, 0.7, 0.4),
    -- (20, 0.5, 0.5, 0.3),
    (21, 0.4, 0.4, 0.4),
    (22, 0.1, 0.1, 0.4),
    (23, 0.3, 0.3, 0.1),
    (24, 0.2, 0.2, 0.2),
    (25, 1.5, 1.5, 0.6),
    (26, 2.0, 1.4, 0.4),
    (27, 0.3, 0.3, 0.1),
    (28, 0.1, 0.1, 0.0);
    -- (29, 0.5, 0.5, 0.3),
    -- (30, 0.5, 0.5, 0.3),
    -- (31, 0.5, 0.5, 0.3),
    -- (32, 0.5, 0.5, 0.3),
    -- (33, 0.5, 0.5, 0.3),
    -- (34, 0.5, 0.5, 0.3);

-- Insert data into SCA_GoalCreationAction table
INSERT INTO SCA_GoalCreationAction (Player_Match_ID, Shot_CreatingActions, Goal_CreatingActions)
VALUES 
    (1, 7, 1),
    (2, 5, 1),
    (3, 6, 0),
    (4, 0, 0),
    (5, 7, 1),
    (6, 0, 0),
    (7, 3, 0),
    (8, 0, 0),
    (9, 2, 1),
    (10, 8, 2),
    (11, 1, 0),
    (12, 5, 0),
    (13, 1, 0),
    (14, 5, 0),
    (15, 7, 1),
    (16, 10, 3),
    (17, 4, 0),
    (18, 4, 1),
    (19, 10, 2),
    -- (20, 7, 1),
    (21, 4, 0),
    (22, 5, 0),
    (23, 3, 0),
    (24, 3, 0),
    (25, 5, 2),
    (26, 8, 3),
    (27, 2, 0),
    (28, 0, 0);
    -- (29, 7, 1),
    -- (30, 7, 1),
    -- (31, 7, 1),
    -- (32, 7, 1),
    -- (33, 7, 1),
    -- (34, 7, 1);

-- Insert data into Passes table
INSERT INTO Passes (Player_Match_ID, PassesCompleted, PassesAttempted, PassCompletionPercentage, ProgressivePasses)
VALUES 
    (1, 23, 32, 71.9, 3),
    (2, 24, 33, 72.7, 0),
    (3, 20, 27, 74.1, 4),
    (4, 15, 23, 65.2, 0),
    (5, 25, 27, 92.6, 2),
    (6, 0, 0, 0, 0),
    (7, 17, 28, 60.7, 2),
    (8, 20, 25, 80.0, 1),
    (9, 12, 16, 75.0, 1),
    (10, 27, 34, 79.4, 6),
    (11, 21, 27, 77.8, 1),
    (12, 21, 31, 67.7, 3),
    (13, 14, 20, 70.0, 1),
    (14, 15, 20, 75.0, 2),
    (15, 16, 19, 84.2, 1),
    (16, 21, 29, 72.4, 1),
    (17, 13, 21, 61.9, 0),
    (18, 16, 23, 69.6, 2),
    (19, 19, 26, 73.1, 2),
    -- (20, 23, 32, 71.9, 3),
    (21, 17, 23, 73.9, 1),
    (22, 25, 29, 86.2, 2),
    (23, 17, 28, 60.7, 1),
    (24, 21, 33, 63.6, 2),
    (25, 14, 21, 66.7, 1),
    (26, 20, 26, 76.9, 0),
    (27, 25, 34, 73.5, 2),
    (28, 13, 16, 81.3, 1);
    -- (29, 23, 32, 71.9, 3),
    -- (30, 23, 32, 71.9, 3),
    -- (31, 23, 32, 71.9, 3),
    -- (32, 23, 32, 71.9, 3),
    -- (33, 23, 32, 71.9, 3),
    -- (34, 23, 32, 71.9, 3);



-- Insert data into Carries table
INSERT INTO Carries (Player_Match_ID, Carries, ProgressiveCarries)
VALUES 
    (1, 30, 4),
    (2, 25, 4),
    (3, 38, 7),
    (4, 33, 4),
    (5, 26, 2),
    (6, 0, 0),
    (7, 25, 4),
    (8, 34, 2),
    (9, 14, 1),
    (10, 32, 5),
    (11, 25, 4),
    (12, 31, 4),
    (13, 23, 1),
    (14, 27, 8),
    (15, 14, 2),
    (16, 20, 5),
    (17, 23, 4),
    (18, 29, 4),
    (19, 26, 7),
    -- (20, 30, 4),
    (21, 25, 2),
    (22, 26, 5),
    (23, 29, 4),
    (24, 33, 3),
    (25, 21, 6),
    (26, 26, 5),
    (27, 39, 2),
    (28, 17, 2);
    -- (29, 30, 4),
    -- (30, 30, 4),
    -- (31, 30, 4),
    -- (32, 30, 4),
    -- (33, 30, 4),
    -- (34, 30, 4);

-- Insert data into TakeOns table
INSERT INTO TakeOns (Player_Match_ID, TakeOnsAttempted, SuccessfulTakeOns)
VALUES 
    (1, 6, 2),
    (2, 5, 2),
    (3, 9, 4),
    (4, 0, 0),
    (5, 4, 1),
    (6, 0, 0),
    (7, 7, 4),
    (8, 9, 2),
    (9, 4, 2),
    (10, 5, 2),
    (11, 8, 2),
    (12, 7, 4),
    (13, 7, 4),
    (14, 7, 4),
    (15, 4, 2),
    (16, 4, 1),
    (17, 5, 2),
    (18, 1, 1),
    (19, 4, 2),
    -- (20, 30, 4),
    (21, 8, 3),
    (22, 5, 3),
    (23, 2, 1),
    (24, 5, 2),
    (25, 5, 2),
    (26, 3, 2),
    (27, 4, 2),
    (28, 4, 2);
    -- (29, 30, 4),
    -- (30, 30, 4),
    -- (31, 30, 4),
    -- (32, 30, 4),
    -- (33, 30, 4),
    -- (34, 30, 4);;

-- Insert data into Passing table
INSERT INTO Passing (Player_Match_ID, TotalCompleted, TotalAttempted, TotalPassCompletionPercentage, TotalPassingDistance, TotalProgressivePassingDistance)
VALUES 
    (1, 23, 32, 71.9, 304, 61),
    (2, 24, 33, 72.7, 294, 22),
    (3, 20, 27, 74.1, 272, 52),
    (4, 15, 23, 65.2, 202, 11),
    (5, 25, 27, 92.6, 345, 45),
    (6, 0, 0, 0.0, 0, 0),
    (7, 17, 28, 60.7, 181, 26),
    (8, 20, 25, 80.0, 305, 10),
    (9, 12, 16, 75.0, 150, 10),
    (10, 27, 34, 79.4, 313, 100),
    (11, 21, 27, 77.8, 258, 39),
    (12, 21, 31, 67.7, 187, 40),
    (13, 14, 20, 70.0, 111, 24),
    (14, 15, 20, 75.0, 160, 26),
    (15, 16, 19, 84.2, 153, 28),
    (16, 21, 29, 72.4, 209, 40),
    (17, 13, 21, 61.9, 132, 21),
    (18, 16, 23, 69.6, 199, 38),
    (19, 19, 26, 73.1, 246, 38),
    -- (20, 23, 32, 71.9, 304, 61),
    (21, 17, 23, 73.9, 212, 25),
    (22, 25, 29, 86.2, 306, 48),
    (23, 17, 28, 60.7, 214, 19),
    (24, 21, 33, 63.6, 247, 16),
    (25, 14, 21, 66.7, 180, 40),
    (26, 20, 26, 76.9, 256, 28),
    (27, 25, 34, 73.5, 273, 44),
    (28, 13, 16, 81.3, 131, 20);
    -- (29, 23, 32, 71.9, 304, 61),
    -- (30, 23, 32, 71.9, 304, 61),
    -- (31, 23, 32, 71.9, 304, 61),
    -- (32, 23, 32, 71.9, 304, 61),
    -- (33, 23, 32, 71.9, 304, 61),
    -- (34, 23, 32, 71.9, 304, 61);

-- Insert data into Short_Passing table
INSERT INTO Short_Passing (Player_Match_ID, ShortCompleted, ShortAttempted, ShortPassCompletionPercentage) 
VALUES 
    (1, 13, 18, 72.2),
    (2, 16, 20, 80.0),
    (3, 14, 16, 87.5),
    (4, 10, 12, 83.3),
    (5, 16, 16, 100.0),
    (6, 0, 0, 0.0),
    (7, 12, 19, 63.2),
    (8, 13, 15, 86.7),
    (9, 7, 10, 70.0),
    (10, 16, 17, 94.1),
    (11, 13, 15, 86.7),
    (12, 16, 22, 72.7),
    (13, 12, 15, 80.0),
    (14, 12, 14, 85.7),
    (15, 13, 15, 86.7),
    (16, 14, 17, 82.4),
    (17, 10, 13, 76.9),
    (18, 9, 12, 75.0),
    (19, 13, 16, 81.3),
    -- (20, 13, 18, 72.2),
    (21, 11, 14, 78.6),
    (22, 17, 19, 89.5),
    (23, 13, 17, 76.5),
    (24, 14, 21, 66.7),
    (25, 10, 13, 76.9),
    (26, 15, 17, 88.2),
    (27, 19, 24, 79.2),
    (28, 7, 8, 87.5);
    -- (29, 13, 18, 72.2),
    -- (30, 13, 18, 72.2),
    -- (31, 13, 18, 72.2),
    -- (32, 13, 18, 72.2),
    -- (33, 13, 18, 72.2),
    -- (34, 13, 18, 72.2);

-- Insert data into Medium_Passing table
INSERT INTO Medium_Passing (Player_Match_ID, MediumCompleted, MediumAttempted, MediumPassCompletionPercentage)
VALUES 
    (1, 9, 10, 90.0),
    (2, 6, 8, 75.0),
    (3, 5, 7, 71.4),
    (4, 3, 6, 50.0),
    (5, 6, 6, 100.0),
    (6, 0, 0, 0.0),
    (7, 3, 5, 60.0),
    (8, 5, 6, 83.3),
    (9, 5, 5, 100.0),
    (10, 8, 11, 72.7),
    (11, 4, 7, 57.1),
    (12, 3, 3, 100.0),
    (13, 0, 1, 0.0),
    (14, 2, 3, 66.7),
    (15, 2, 3, 66.7),
    (16, 3, 8, 37.5),
    (17, 2, 5, 40.0),
    (18, 3, 5, 60.0),
    (19, 5, 6, 83.3),
    -- (20, 8, 9, 88.9),
    (21, 5, 5, 100.0),
    (22, 6, 8, 75.0),
    (23, 4, 9, 44.4),
    (24, 5, 8, 62.5),
    (25, 3, 6, 50.0),
    (26, 3, 3, 100.0),
    (27, 4, 5, 80.0),
    (28, 3, 4, 75.0);
    -- (29, 8, 9, 88.9),
    -- (30, 7, 8, 87.5),
    -- (31, 6, 7, 85.7),
    -- (32, 5, 6, 83.3),
    -- (33, 4, 5, 80.0),
    -- (34, 3, 4, 75.0);

-- Insert data into Long_Passing table
INSERT INTO Long_Passing (Player_Match_ID, LongCompleted, LongAttempted, LongPassCompletionPercentage)
VALUES 
    (1, 0, 2, 0.0),
    (2, 1, 1, 100.0),
    (3, 1, 1, 100.0),
    (4, 1, 1, 100.0),
    (5, 2, 4, 50.0),
    (6, 0, 0, 0.0),
    (7, 0, 0, 0.0),
    (8, 2, 3, 66.7),
    (9, 0, 0, 0.0),
    (10, 0, 0, 0.0),
    (11, 1, 1, 100.0),
    (12, 0, 2, 0.0),
    (13, 0, 2, 0.0),
    (14, 0, 1, 0.0),
    (15, 0, 0, 0.0),
    (16, 0, 0, 0.0),
    (17, 0, 1, 0.0),
    (18, 1, 1, 100.0),
    (19, 0, 0, 0.0),
    -- (20, 8, 9, 88.9),
    (21, 0, 0, 0.0),
    (22, 1, 1, 100.0),
    (23, 0, 1, 0.0),
    (24, 1, 1, 100.0),
    (25, 1, 1, 100.0),
    (26, 1, 2, 50.0),
    (27, 0, 0, 0.0),
    (28, 0, 0, 0.0);
    -- (29, 8, 9, 88.9),
    -- (30, 7, 8, 87.5),
    -- (31, 6, 7, 85.7),
    -- (32, 5, 6, 83.3),
    -- (33, 4, 5, 80.0),
    -- (34, 3, 4, 75.0);

-- Insert data into Other_Passing table
INSERT INTO Other_Passing (Player_Match_ID, Assists, ExpectedAssistedGoal, ExpectedAssists, KeyPasses, PassesIntoFinalThird, PassesIntoPenaltyArea, CrossesIntoPenaltyArea, ProgressivePasses)
VALUES 
    (1, 0, 0.3, 0.2, 2, 1, 1, 0, 3),
    (2, 0, 0.0, 0.1, 0, 1, 0, 0, 0),
    (3, 0, 0.1, 0.2, 1, 2, 1, 0, 4),
    (4, 0, 0.0, 0.0, 0, 0, 0, 0, 0),
    (5, 1, 0.2, 0.2, 4, 2, 0, 0, 2),
    (6, 0, 0.0, 0.0, 0, 0, 0, 0, 0),
    (7, 1, 0.3, 0.2, 3, 0, 1, 0, 2),
    (8, 0, 0.0, 0.1, 0, 1, 0, 0, 1),
    (9, 0, 0.0, 0.0, 1, 0, 0, 0, 1),
    (10, 2, 0.3, 0.2, 4, 2, 1, 0, 6),
    (11, 0, 0.0, 0.1, 0, 0, 1, 0, 1),
    (12, 0, 0.2, 0.6, 1, 0, 1, 0, 3),
    (13, 0, 0.0, 0.0, 0, 1, 0, 0, 1),
    (14, 1, 0.7, 0.5, 2, 0, 2, 0, 2),
    (15, 0, 0.6, 0.1, 2, 1, 1, 0, 1),
    (16, 3, 1.6, 1.0, 6, 0, 0, 0, 1),
    (17, 0, 0.0, 0.0, 0, 0, 0, 0, 0),
    (18, 0, 0.0, 0.0, 0, 1, 0, 0, 2),
    (19, 0, 0.4, 0.4, 4, 1, 0, 0, 2),
    -- (20, 0, 0.3, 0.2, 2, 1, 1, 0, 3),
    (21, 0, 0.4, 0.1, 2, 2, 0, 0, 1),
    (22, 0, 0.4, 0.2, 3, 1, 1, 0, 2),
    (23, 0, 0.1, 0.2, 2, 1, 0, 0, 1),
    (24, 0, 0.2, 0.1, 2, 0, 1, 0, 2),
    (25, 1, 0.6, 0.1, 3, 3, 0, 0, 1),
    (26, 1, 0.4, 0.6, 2, 0, 1, 1, 0),
    (27, 0, 0.1, 0.0, 2, 1, 2, 0, 2),
    (28, 0, 0.0, 0.1, 0, 1, 0, 0, 1);
    -- (29, 0, 0.3, 0.2, 2, 1, 1, 0, 3),
    -- (30, 0, 0.3, 0.2, 2, 1, 1, 0, 3),
    -- (31, 0, 0.3, 0.2, 2, 1, 1, 0, 3),
    -- (32, 0, 0.3, 0.2, 2, 1, 1, 0, 3),
    -- (33, 0, 0.3, 0.2, 2, 1, 1, 0, 3),
    -- (34, 0, 0.3, 0.2, 2, 1, 1, 0, 3);

-- Insert data into PassTypes table
INSERT INTO PassTypes (Player_Match_ID, LiveBallPasses, DeadBallPasses, PassesFromFreeKicks, ThroughBalls, Switches, Crosses, ThrowInsTaken, CornerKicks)
VALUES 
    (1, 28, 4, 1, 0, 0, 1, 0, 0),
    (2, 31, 2, 0, 0, 0, 1, 0, 0),
    (3, 26, 1, 0, 1, 0, 1, 0, 0),
    (4, 20, 2, 0, 0, 0, 1, 0, 0),
    (5, 26, 1, 0, 0, 0, 1, 0, 0),
    (6, 0, 0, 0, 0, 0, 0, 0, 0),
    (7, 28, 4, 1, 0, 0, 0, 0, 0),
    (8, 22, 2, 0, 0, 1, 1, 0, 0),
    (9, 15, 1, 0, 0, 0, 0, 0, 0),
    (10, 31, 3, 0, 1, 0, 0, 0, 0),
    (11, 24, 3, 0, 0, 0, 2, 0, 0),
    (12, 28, 3, 0, 1, 0, 0, 1, 0),
    (13, 16, 4, 0, 0, 0, 0, 0, 0),
    (14, 19, 1, 0, 1, 0, 1, 0, 0),
    (15, 17, 2, 0, 0, 0, 1, 0, 0),
    (16, 26, 3, 0, 0, 0, 2, 1, 0),
    (17, 20, 1, 0, 0, 0, 1, 0, 0),
    (18, 20, 3, 0, 0, 0, 0, 0, 0),
    (19, 24, 1, 0, 0, 0, 0, 0, 0),
    -- (20, 28, 4, 1, 0, 0, 1, 0, 0),
    (21, 22, 1, 0, 0, 0, 1, 0, 0),
    (22, 28, 1, 0, 0, 0, 0, 0, 0),
    (23, 24, 4, 0, 1, 0, 0, 0, 0),
    (24, 30, 3, 0, 0, 0, 0, 0, 0),
    (25, 20, 1, 0, 0, 0, 0, 0, 0),
    (26, 24, 2, 0, 0, 0, 4, 0, 0),
    (27, 30, 3, 0, 0, 0, 0, 1, 0),
    (28, 16, 0, 0, 0, 0, 0, 0, 0);
    -- (29, 28, 4, 1, 0, 0, 1, 0, 0),
    -- (30, 28, 4, 1, 0, 0, 1, 0, 0),
    -- (31, 28, 4, 1, 0, 0, 1, 0, 0),
    -- (32, 28, 4, 1, 0, 0, 1, 0, 0),
    -- (33, 28, 4, 1, 0, 0, 1, 0, 0),
    -- (34, 28, 4, 1, 0, 0, 1, 0, 0);

-- Insert data into CornerKicks table
INSERT INTO CornerKicks (Player_Match_ID, InswingingCornerKicks, OutswingingCornerKicks, StraightCornerKicks)
VALUES 
    (1, 0, 0, 0),
    (2, 0, 0, 0),
    (3, 0, 0, 0),
    (4, 0, 0, 0),
    (5, 0, 0, 0),
    (6, 0, 0, 0),
    (7, 0, 0, 0),
    (8, 0, 0, 0),
    (9, 0, 0, 0),
    (10, 0, 0, 0),
    (11, 0, 0, 0),
    (12, 0, 0, 0),
    (13, 0, 0, 0),
    (14, 0, 0, 0),
    (15, 0, 0, 0),
    (16, 0, 0, 0),
    (17, 0, 0, 0),
    (18, 0, 0, 0),
    (19, 0, 0, 0),
    -- (20, 0, 0, 0),
    (21, 0, 0, 0),
    (22, 0, 0, 0),
    (23, 0, 0, 0),
    (24, 0, 0, 0),
    (25, 0, 0, 0),
    (26, 0, 0, 0),
    (27, 0, 0, 0),
    (28, 0, 0, 0);
    -- (29, 0, 0, 0),
    -- (30, 0, 0, 0),
    -- (31, 0, 0, 0),
    -- (32, 0, 0, 0),
    -- (33, 0, 0, 0),
    -- (34, 0, 0, 0);

-- Insert data into Outcomes table
INSERT INTO Outcomes (Player_Match_ID, PassesCompleted, PassesOffside, PassesBlocked)
VALUES 
    (1, 23, 0, 1),
    (2, 24, 0, 1),
    (3, 20, 0, 2),
    (4, 15, 1, 0),
    (5, 25, 0, 0),
    (6, 0, 0, 0),
    (7, 17, 0, 0),
    (8, 20, 1, 0),
    (9, 12, 0, 1),
    (10, 27, 0, 2),
    (11, 21, 0, 1),
    (12, 21, 0, 1),
    (13, 14, 0, 0),
    (14, 15, 0, 1),
    (15, 16, 0, 0),
    (16, 21, 0, 0),
    (17, 13, 0, 1),
    (18, 16, 0, 1),
    (19, 19, 1, 1),
    -- (20, 0, 0, 0),
    (21, 17, 0, 3),
    (22, 25, 0, 0),
    (23, 17, 0, 2),
    (24, 21, 0, 3),
    (25, 14, 0, 0),
    (26, 20, 0, 1),
    (27, 25, 1, 1),
    (28, 13, 0, 0);
    -- (29, 0, 0, 0),
    -- (30, 0, 0, 0),
    -- (31, 0, 0, 0),
    -- (32, 0, 0, 0),
    -- (33, 0, 0, 0),
    -- (34, 0, 0, 0);    

-- Insert data into DefensiveActions table
INSERT INTO DefensiveActions (Player_Match_ID, Tackles, TacklesWon, TacklesDef3rd, TacklesMid3rd, TacklesAtt3rd)
VALUES 
    (1, 0, 0, 0, 0, 0),
    (2, 0, 0, 0, 0, 0),
    (3, 2, 2, 1, 1, 0),
    (4, 0, 0, 0, 0, 0),
    (5, 2, 1, 0, 1, 1),
    (6, 0, 0, 0, 0, 0),
    (7, 0, 0, 0, 0, 0),
    (8, 1, 1, 1, 0, 0),
    (9, 0, 0, 0, 0, 0),
    (10, 0, 0, 0, 0, 0),
    (11, 1, 1, 0, 1, 0),
    (12, 1, 0, 0, 1, 0),
    (13, 0, 0, 0, 0, 0),
    (14, 1, 0, 0, 0, 1),
    (15, 0, 0, 0, 0, 0),
    (16, 0, 0, 0, 0, 0),
    (17, 0, 0, 0, 0, 0),
    (18, 0, 0, 0, 0, 0),
    (19, 3, 2, 0, 1, 2),
    -- (20, 0, 0, 0, 0, 0),
    (21, 1, 0, 1, 0, 0),
    (22, 1, 1, 0, 0, 1),
    (23, 0, 0, 0, 0, 0),
    (24, 0, 0, 0, 0, 0),
    (25, 0, 0, 0, 0, 0),
    (26, 0, 0, 0, 0, 0),
    (27, 0, 0, 0, 0, 0),
    (28, 0, 0, 0, 0, 0);
    -- (29, 0, 0, 0, 0, 0),
    -- (30, 0, 0, 0, 0, 0),
    -- (31, 0, 0, 0, 0, 0),
    -- (32, 0, 0, 0, 0, 0),
    -- (33, 0, 0, 0, 0, 0),
    -- (34, 0, 0, 0, 0, 0);


-- Insert data into DefensiveActions_Challenges table
INSERT INTO DefensiveActions_Challenges (Player_Match_ID, DribblersTackled, DribblersChallenged, PercentOfDribblersTackled, ChallengesLost)
VALUES 
    (1, 0, 0, 0.0, 0),
    (2, 0, 0, 0.0, 0),
    (3, 1, 1, 100.0, 0),
    (4, 0, 0, 0.0, 0),
    (5, 0, 0, 0.0, 0),
    (6, 0, 0, 0.0, 0),
    (7, 0, 0, 0.0, 0),
    (8, 1, 1, 100.0, 0),
    (9, 0, 0, 0.0, 0),
    (10, 0, 0, 0.0, 0),
    (11, 0, 1, 0.0, 1),
    (12, 0, 0, 0.0, 0),
    (13, 0, 0, 0.0, 0),
    (14, 0, 0, 0.0, 0),
    (15, 0, 0, 0.0, 0),
    (16, 0, 0, 0.0, 0),
    (17, 0, 0, 0.0, 0),
    (18, 0, 0, 0.0, 0),
    (19, 0, 0, 0.0, 0),
    -- (20, 0, 0, 0.0, 0),
    (21, 0, 1, 0.0, 1),
    (22, 1, 1, 100.0, 0),
    (23, 0, 0, 0.0, 0),
    (24, 0, 0, 0.0, 0),
    (25, 0, 0, 0.0, 0),
    (26, 0, 0, 0.0, 0),
    (27, 0, 0, 0.0, 0),
    (28, 0, 0, 0.0, 0);
    -- (29, 0, 0, 0.0, 0),
    -- (30, 0, 0, 0.0, 0),
    -- (31, 0, 0, 0.0, 0),
    -- (32, 0, 0, 0.0, 0),
    -- (33, 0, 0, 0.0, 0),
    -- (34, 0, 0, 0.0, 0);

-- Insert data into DefensiveActions_Blocks table
INSERT INTO DefensiveActions_Blocks (Player_Match_ID, Blocks, ShotsBlocks, PassesBlocks)
VALUES 
    (1, 1, 0, 1),
    (2, 2, 0, 2),
    (3, 2, 0, 2),
    (4, 1, 0, 1),
    (5, 0, 0, 0),
    (6, 0, 0, 0),
    (7, 0, 0, 0),
    (8, 0, 0, 0),
    (9, 1, 0, 1),
    (10, 0, 0, 0),
    (11, 1, 0, 1),
    (12, 0, 0, 0),
    (13, 0, 0, 0),
    (14, 1, 0, 1),
    (15, 0, 0, 0),
    (16, 0, 0, 0),
    (17, 0, 0, 0),
    (18, 1, 0, 1),
    (19, 0, 0, 0),
    -- (20, 0, 0, 1),
    (21, 0, 0, 0),
    (22, 1, 1, 0),
    (23, 0, 0, 0),
    (24, 0, 0, 0),
    (25, 1, 0, 1),
    (26, 0, 0, 0),
    (27, 0, 0, 0),
    (28, 1, 0, 1);
    -- (29, 1, 0, 1),
    -- (30, 1, 0, 1),
    -- (31, 1, 0, 1),
    -- (32, 1, 0, 1),
    -- (33, 1, 0, 1),
    -- (34, 1, 0, 1);


-- Insert data into DefensiveActions_Other table
INSERT INTO DefensiveActions_Other (Player_Match_ID, Interceptions, PlayersTackledIntercepted, Clearances, Errors)
VALUES 
    (1, 0, 0, 1, 0),
    (2, 0, 0, 1, 0),
    (3, 0, 2, 2, 0),
    (4, 0, 0, 1, 0),
    (5, 0, 2, 1, 0),
    (6, 0, 0, 0, 0),
    (7, 0, 0, 0, 0),
    (8, 0, 1, 1, 0),
    (9, 0, 0, 0, 0),
    (10, 0, 0, 0, 0),
    (11, 0, 1, 0, 0),
    (12, 0, 1, 0, 0),
    (13, 1, 1, 2, 0),
    (14, 0, 1, 1, 0),
    (15, 0, 0, 0, 0),
    (16, 1, 1, 1, 0),
    (17, 0, 0, 2, 0),
    (18, 0, 0, 1, 0),
    (19, 0, 3, 0, 0),
    -- (20, 0, 0, 1, 0),
    (21, 0, 1, 0, 0),
    (22, 1, 2, 1, 0),
    (23, 0, 0, 1, 0),
    (24, 0, 0, 0, 0),
    (25, 1, 1, 0, 0),
    (26, 0, 0, 0, 0),
    (27, 0, 0, 0, 0),
    (28, 0, 0, 3, 0);
    -- (29, 0, 0, 1, 0),
    -- (30, 0, 0, 1, 0),
    -- (31, 0, 0, 1, 0),
    -- (32, 0, 0, 1, 0),
    -- (33, 0, 0, 1, 0),
    -- (34, 0, 0, 1, 0);

-- Insert data into Possession table
INSERT INTO Possession (Player_Match_ID, Touches, TouchesDefPenaltyArea, TouchesDef3rd, TouchesMid3rd, TouchesAtt3rd, TouchesAttPenaltyArea, TouchesLiveBall)
VALUES 
    (1, 44, 1, 1, 16, 27, 11, 44),
    (2, 54, 1, 1, 24, 29, 11, 54),
    (3, 51, 2, 3, 12, 36, 8, 51),
    (4, 39, 1, 1, 19, 21, 7, 39),
    (5, 47, 1, 1, 14, 32, 8, 47),
    (6, 0, 0, 0, 0, 0, 0, 42),
    (7, 44, 1, 1, 12, 31, 17, 42),
    (8, 44, 1, 3, 16, 27, 9, 44),
    (9, 22, 0, 0, 6, 16, 3, 22),
    (10, 45, 0, 0, 11, 34, 9, 45),
    (11, 43, 0, 0, 13, 30, 6, 43),
    (12, 45, 0, 0, 19, 30, 11, 45),
    (13, 37, 3, 3, 14, 20, 7, 37),
    (14, 35, 1, 1, 9, 26, 8, 35),
    (15, 28, 0, 0, 5, 23, 9, 28),
    (16, 42, 1, 1, 15, 27, 9, 42),
    (17, 38, 2, 2, 10, 27, 9, 38),
    (18, 44, 1, 1, 12, 31, 16, 44),
    (19, 34, 0, 0, 6, 28, 12, 33),
    -- (20, 44, 1, 1, 16, 27, 11, 44),
    (21, 35, 0, 1, 14, 20, 6, 35),
    (22, 44, 2, 3, 13, 28, 5, 44),
    (23, 38, 1, 1, 16, 21, 3, 38),
    (24, 44, 0, 1, 15, 28, 5, 44),
    (25, 34, 0, 1, 11, 23, 11, 34),
    (26, 41, 0, 0, 9, 32, 15, 40),
    (27, 52, 0, 0, 19, 33, 7, 52),
    (28, 29, 3, 3, 10, 16, 9, 29);
    -- (29, 44, 1, 1, 16, 27, 11, 44),
    -- (30, 44, 1, 1, 16, 27, 11, 44),
    -- (31, 44, 1, 1, 16, 27, 11, 44),
    -- (32, 44, 1, 1, 16, 27, 11, 44),
    -- (33, 44, 1, 1, 16, 27, 11, 44),
    -- (34, 44, 1, 1, 16, 27, 11, 44);


-- Insert data into Possession_Takeons table
INSERT INTO Possession_Takeons (Player_Match_ID, TakeOnsAttempted, SuccessfulTakeOns, SuccessfulTakeOnsPercentage, TimesTackledDuringTakeOn, TackledDuringTakeOnPercentage)
VALUES 
    (1, 6, 2, 33.3, 4, 66.7),
    (2, 5, 2, 40.0, 3, 60.0),
    (3, 9, 4, 44.4, 5, 55.6),
    (4, 0, 0, 0.0, 0, 0.0),
    (5, 4, 1, 25.0, 1, 25.0),
    (6, 0, 0, 0.0, 0, 0.0),
    (7, 7, 4, 57.1, 3, 42.9),
    (8, 9, 2, 22.2, 5, 55.6),
    (9, 4, 2, 50.0, 2, 50.0),
    (10, 5, 2, 40.0, 2, 40.0),
    (11, 8, 2, 25.0, 6, 75.0),
    (12, 7, 4, 57.1, 3, 42.9),
    (13, 7, 4, 57.1, 3, 42.9),
    (14, 7, 4, 57.1, 3, 42.9),
    (15, 4, 2, 50.0, 1, 25.0),
    (16, 4, 1, 25.0, 3, 75.0),
    (17, 5, 2, 40.0, 3, 60.0),
    (18, 1, 1, 100.0, 0, 0.0),
    (19, 4, 2, 50.0, 2, 50.0),
    -- (20, 6, 2, 33.3, 4, 66.7),
    (21, 8, 3, 37.5, 5, 62.5),
    (22, 5, 3, 60.0, 2, 40.0),
    (23, 2, 1, 50.0, 1, 50.0),
    (24, 5, 2, 40.0, 1, 20.0),
    (25, 5, 2, 40.0, 2, 40.0),
    (26, 3, 2, 66.7, 1, 33.3),
    (27, 4, 2, 50.0, 2, 50.0),
    (28, 4, 2, 50.0, 2, 50.0);
    -- (29, 6, 2, 33.3, 4, 66.7),
    -- (30, 6, 2, 33.3, 4, 66.7),
    -- (31, 6, 2, 33.3, 4, 66.7),
    -- (32, 6, 2, 33.3, 4, 66.7),
    -- (33, 6, 2, 33.3, 4, 66.7),
    -- (34, 6, 2, 33.3, 4, 66.7);


-- Insert data into Possession_Carries table
INSERT INTO Possession_Carries (Player_Match_ID, Carries, TotalCarryingDistance, ProgressiveCarryingDistance, ProgressiveCarries, CarriesIntoFinal3rd, CarriesIntoPenaltyArea, Miscontrols, Dispossessed)
VALUES 
    (1, 30, 194, 67, 4, 0, 2, 1, 4),
    (2, 25, 144, 100, 4, 1, 3, 4, 1),
    (3, 38, 311, 174, 7, 4, 5, 4, 1),
    (4, 33, 163, 79, 4, 2, 2, 8, 3),
    (5, 26, 127, 50, 2, 2, 1, 4, 5),
    (6, 0, 0, 0, 0, 0, 0, 0, 0),
    (7, 25, 215, 101, 4, 3, 6, 3, 2),
    (8, 34, 203, 66, 2, 4, 1, 3, 3),
    (9, 14, 94, 20, 1, 1, 1, 2, 0),
    (10, 32, 212, 109, 5, 1, 4, 2, 0),
    (11, 25, 187, 91, 4, 5, 1, 5, 3),
    (12, 31, 202, 146, 4, 4, 3, 4, 0),
    (13, 23, 157, 29, 1, 2, 2, 4, 2),
    (14, 27, 225, 147, 8, 4, 4, 2, 2),
    (15, 14, 89, 34, 2, 1, 2, 3, 3),
    (16, 20, 187, 115, 5, 1, 4, 3, 2),
    (17, 23, 138, 69, 4, 1, 0, 7, 1),
    (18, 29, 138, 83, 4, 2, 3, 6, 1),
    (19, 26, 225, 140, 7, 0, 7, 1, 1),
    -- (20, 30, 194, 67, 4, 0, 2, 1, 4),
    (21, 25, 137, 49, 2, 0, 3, 4, 0),
    (22, 26, 158, 107, 5, 3, 4, 6, 1),
    (23, 29, 158, 81, 4, 4, 1, 3, 0),
    (24, 33, 212, 67, 3, 4, 2, 4, 2),
    (25, 21, 200, 150, 6, 3, 4, 1, 1),
    (26, 26, 184, 89, 5, 1, 4, 2, 0),
    (27, 39, 173, 35, 2, 0, 2, 6, 4),
    (28, 17, 139, 39, 2, 1, 3, 3, 1);
    -- (29, 30, 194, 67, 4, 0, 2, 1, 4),
    -- (30, 30, 194, 67, 4, 0, 2, 1, 4),
    -- (31, 30, 194, 67, 4, 0, 2, 1, 4),
    -- (32, 30, 194, 67, 4, 0, 2, 1, 4),
    -- (33, 30, 194, 67, 4, 0, 2, 1, 4),
    -- (34, 30, 194, 67, 4, 0, 2, 1, 4);


-- Insert data into Receiving table
INSERT INTO Receiving (Player_Match_ID, PassesReceived, ProgressivePassesReceived)
VALUES 
    (1, 37, 15),
    (2, 39, 14),
    (3, 42, 11),
    (4, 35, 13),
    (5, 34, 14),
    (6, 0, 0),
    (7, 31, 9),
    (8, 34, 12),
    (9, 18, 12),
    (10, 35, 12),
    (11, 34, 11),
    (12, 36, 14),
    (13, 30, 9),
    (14, 26, 9),
    (15, 27, 13),
    (16, 31, 9),
    (17, 31, 9),
    (18, 31, 6),
    (19, 28, 16),
    -- (20, 37, 15),
    (21, 31, 7),
    (22, 36, 11),
    (23, 32, 9),
    (24, 38, 15),
    (25, 26, 12),
    (26, 33, 13),
    (27, 48, 14),
    (28, 23, 5);
    -- (29, 37, 15),
    -- (30, 37, 15),
    -- (31, 37, 15),
    -- (32, 37, 15),
    -- (33, 37, 15),
    -- (34, 37, 15);


-- Insert data into MiscellaneousStats table
INSERT INTO MiscellaneousStats (Player_Match_ID, YellowCards, RedCards, SecondYellowCards, FoulsCommitted, FoulsDrawn, Offsides, Crosses, Interceptions, TacklesWon, PenaltyKicksWon, PenaltyKicksConceded, OwnGoals, BallsRecoveries)
VALUES 
    (1, 0, 0, 0, 0, 3, 0, 1, 0, 0, 0, 0, 0, 3),
    (2, 0, 0, 0, 1, 1, 0, 1, 0, 0, 0, 0, 0, 4),
    (3, 1, 0, 0, 2, 3, 0, 0, 0, 2, 0, 0, 0, 2),
    (4, 1, 0, 0, 2, 4, 0, 1, 0, 0, 0, 0, 0, 5),
    (5, 0, 0, 0, 1, 9, 0, 0, 0, 1, 0, 0, 0, 8),
    (6, 0, 0, 0, 0, 0, 0, 0, 0, 0, 0, 0, 0, 0),
    (7, 0, 0, 0, 0, 2, 0, 0, 0, 0, 0, 0, 0, 2),
    (8, 0, 0, 0, 3, 6, 3, 1, 0, 1, 0, 0, 0, 3),
    (9, 0, 0, 0, 1, 2, 0, 0, 0, 0, 0, 0, 0, 1),
    (10, 0, 0, 0, 1, 0, 0, 0, 0, 0, 0, 0, 0, 3),
    (11, 0, 0, 0, 2, 2, 0, 2, 0, 1, 0, 0, 0, 2),
    (12, 0, 0, 0, 2, 2, 3, 0, 0, 0, 0, 0, 0, 4),
    (13, 0, 0, 0, 0, 4, 0, 0, 1, 0, 0, 0, 0, 2),
    (14, 0, 0, 0, 4, 2, 2, 1, 0, 0, 0, 0, 0, 3),
    (15, 0, 0, 0, 0, 1, 1, 1, 0, 0, 0, 0, 0, 1),
    (16, 0, 0, 0, 0, 2, 0, 2, 1, 0, 0, 0, 0, 2),
    (17, 1, 0, 0, 3, 1, 0, 1, 0, 0, 0, 0, 0, 7),
    (18, 0, 0, 0, 1, 4, 1, 0, 0, 0, 0, 0, 0, 2),
    (19, 0, 0, 0, 0, 3, 1, 0, 0, 2, 1, 0, 0, 4),
    -- (20, 0, 0, 0, 0, 3, 0, 1, 0, 0, 0, 0, 0, 3),
    (21, 0, 0, 0, 1, 2, 0, 1, 0, 0, 0, 0, 0, 1),
    (22, 0, 0, 0, 2, 1, 0, 0, 1, 1, 0, 0, 0, 2),
    (23, 0, 0, 0, 1, 5, 0, 0, 0, 0, 0, 0, 0, 3),
    (24, 0, 0, 0, 0, 1, 0, 0, 0, 0, 0, 0, 0, 2),
    (25, 0, 0, 0, 1, 4, 2, 0, 1, 0, 0, 0, 0, 6),
    (26, 0, 0, 0, 1, 1, 0, 4, 0, 0, 0, 0, 0, 1),
    (27, 0, 0, 0, 0, 2, 1, 0, 0, 0, 0, 0, 0, 3),
    (28, 0, 0, 0, 2, 0, 0, 0, 0, 0, 0, 0, 0, 2);
    -- (29, 0, 0, 0, 0, 3, 0, 1, 0, 0, 0, 0, 0, 3),
    -- (30, 0, 0, 0, 0, 3, 0, 1, 0, 0, 0, 0, 0, 3),
    -- (31, 0, 0, 0, 0, 3, 0, 1, 0, 0, 0, 0, 0, 3),
    -- (32, 0, 0, 0, 0, 3, 0, 1, 0, 0, 0, 0, 0, 3),
    -- (33, 0, 0, 0, 0, 3, 0, 1, 0, 0, 0, 0, 0, 3),
    -- (34, 0, 0, 0, 0, 3, 0, 1, 0, 0, 0, 0, 0, 3);

-- Insert data into MiscellaneousStats_Aerials table
INSERT INTO MiscellaneousStats_Aerials (Player_Match_ID, AerialsWon, AerialsLost, PercentageOfAerialsWon)
VALUES 
    (1, 4, 1, 80.0),
    (2, 4, 2, 66.7),
    (3, 3, 3, 50.0),
    (4, 0, 6, 0.0),
    (5, 3, 2, 60.0),
    (6, 0, 0, 0.0),
    (7, 3, 2, 60.0),
    (8, 2, 2, 50.0),
    (9, 0, 0, 0.0),
    (10, 0, 5, 0.0),
    (11, 0, 5, 0.0),
    (12, 1, 2, 33.3),
    (13, 0, 2, 0.0),
    (14, 1, 3, 25.0),
    (15, 1, 3, 25.0),
    (16, 4, 1, 80.0),
    (17, 1, 2, 33.3),
    (18, 2, 0, 100.0),
    (19, 2, 1, 66.7),
    -- (20, 4, 1, 80.0),
    (21, 1, 1, 50.0),
    (22, 0, 2, 0.0),
    (23, 1, 2, 33.3),
    (24, 2, 3, 40.0),
    (25, 7, 2, 77.8),
    (26, 1, 0, 100.0),
    (27, 4, 2, 66.7),
    (28, 2, 3, 40.0);
    -- (29, 4, 1, 80.0),
    -- (30, 4, 1, 80.0),
    -- (31, 4, 1, 80.0),
    -- (32, 4, 1, 80.0),
    -- (33, 4, 1, 80.0),
    -- (34, 4, 1, 80.0);